date,ah_manaus,t_manaus,ah_belem,t_belem,ah_curitiba,t_curitiba,ah_florianopolis,t_florianopolis,covid_amazonas,covid_para,covid_parana,covid_santa_catarina
2020-03-02,23.02,26.25,23.2,26.23,13.11,21.03,15.84,23.07,0.0,7.0,9.0,6.0
2020-03-09,22.81,27.42,22.93,25.72,12.81,24.02,16.36,24.51,4.0,8.0,9.0,22.0
2020-03-16,22.11,26.72,20.8,26.15,15.52,26.43,19.27,26.02,50.0,18.0,73.0,69.0
2020-03-23,22.79,26.3,22.81,26.81,11.25,22.26,15.39,23.52,151.0,44.0,83.0,66.0
2020-03-30,23.71,26.66,23.49,27.08,14.98,24.5,18.32,25.65,376.0,145.0,67.0,46.0
2020-04-06,23.85,26.83,24.28,26.95,14.11,25.24,16.69,23.15,630.0,454.0,48.0,36.0
2020-04-13,21.87,25.29,22.64,25.84,11.72,22.03,14.1,21.7,682.0,801.0,69.0,46.0
2020-04-20,21.42,26.15,22.94,26.37,11.37,21.38,14.66,21.99,773.0,1135.0,54.0,67.0
2020-04-27,22.1,26.12,22.65,25.92,10.31,21.82,16.0,22.62,846.0,1286.0,93.0,60.0
2020-05-04,22.98,26.78,24.11,27.07,8.89,19.39,12.24,19.8,654.0,1176.0,103.0,70.0
2020-05-11,23.32,27.33,22.59,26.3,9.14,20.73,13.99,21.38,606.0,1091.0,171.0,95.0
2020-05-18,22.69,26.55,23.37,26.56,8.06,18.6,11.16,19.75,374.0,791.0,195.0,117.0
2020-05-25,21.76,25.89,22.61,26.84,7.56,12.36,9.37,19.16,266.0,595.0,282.0,112.0
2020-06-01,21.9,25.33,23.45,26.69,12.0,17.25,11.57,18.4,247.0,557.0,452.0,155.0
2020-06-08,21.14,26.83,22.61,27.62,13.18,19.27,11.02,18.31,199.0,491.0,572.0,204.0
2020-06-15,21.76,26.42,21.99,26.48,11.29,18.26,11.53,17.41,193.0,450.0,717.0,348.0
2020-06-22,22.49,26.79,22.19,26.83,10.65,20.14,14.28,20.99,144.0,294.0,634.0,362.0
2020-06-29,21.65,25.99,23.16,26.77,10.61,14.48,11.75,17.24,194.0,360.0,755.0,526.0
2020-07-06,22.36,26.27,22.56,27.05,12.67,18.06,12.94,18.08,162.0,304.0,851.0,667.0
2020-07-13,21.9,26.19,22.3,27.44,12.9,20.97,11.35,16.16,163.0,252.0,749.0,739.0
2020-07-20,21.93,26.51,22.09,26.62,10.62,18.19,14.32,19.89,135.0,227.0,695.0,655.0
2020-07-27,21.72,26.83,21.91,26.59,11.84,19.52,12.99,16.83,151.0,222.0,694.0,520.0
2020-08-03,20.87,27.07,21.83,27.32,9.65,17.37,12.47,17.21,110.0,202.0,637.0,452.0
2020-08-10,21.53,27.62,21.74,27.76,9.04,19.54,14.2,20.0,143.0,219.0,678.0,363.0
2020-08-17,22.32,28.57,20.88,28.46,14.17,17.82,13.83,18.33,141.0,193.0,597.0,279.0
2020-08-24,20.61,27.31,21.56,28.1,10.31,14.85,11.74,16.84,127.0,164.0,589.0,246.0
2020-08-31,21.18,27.56,21.25,28.38,13.52,20.63,12.54,17.53,155.0,130.0,635.0,188.0
2020-09-07,19.04,30.21,19.82,29.7,12.31,22.32,14.51,18.85,193.0,119.0,503.0,204.0
2020-09-14,21.54,30.4,20.34,29.51,11.43,24.73,14.23,19.84,162.0,113.0,458.0,140.0
2020-09-21,22.36,29.42,20.97,28.39,12.46,18.88,9.22,15.59,180.0,106.0,417.0,148.0
2020-09-28,20.44,28.57,21.06,27.65,16.25,22.96,16.07,22.98,201.0,116.0,406.0,187.0
2020-10-05,23.01,26.8,20.97,28.15,14.65,26.27,15.92,20.98,199.0,110.0,377.0,175.0
2020-10-12,20.48,29.25,20.24,28.91,12.03,22.8,13.72,19.86,157.0,91.0,344.0,238.0
2020-10-19,21.94,27.31,21.29,28.07,14.09,24.0,16.32,22.02,179.0,127.0,356.0,298.0
2020-10-26,22.79,28.2,21.42,28.5,14.43,23.48,16.55,23.27,163.0,126.0,386.0,377.0
2020-11-02,21.17,27.38,20.51,29.42,9.27,19.99,11.54,19.61,152.0,128.0,656.0,589.0
2020-11-09,22.76,27.4,21.79,27.57,12.51,27.71,15.41,21.57,181.0,125.0,960.0,686.0
2020-11-16,22.7,27.68,23.01,27.02,15.81,26.26,18.4,25.87,187.0,149.0,1076.0,849.0
2020-11-23,22.67,27.41,22.07,25.56,10.8,24.06,14.96,23.09,163.0,153.0,1059.0,789.0
2020-11-30,22.25,25.74,23.2,26.81,16.04,25.29,18.53,25.8,250.0,189.0,1098.0,756.0
2020-12-07,22.48,25.68,22.48,26.8,14.9,22.82,16.71,22.65,288.0,210.0,1033.0,573.0
2020-12-14,22.75,26.66,22.7,25.95,17.18,24.35,18.98,25.5,404.0,211.0,828.0,459.0
2020-12-21,22.31,26.92,21.37,26.53,18.62,24.77,17.61,24.65,744.0,233.0,831.0,485.0
2020-12-28,22.17,26.64,22.39,26.17,17.43,24.83,18.28,24.13,1142.0,375.0,951.0,455.0
2021-01-04,20.83,25.27,22.83,26.54,14.37,23.35,16.28,24.53,1102.0,381.0,944.0,499.0
2021-01-11,21.65,26.35,22.68,26.56,17.88,26.72,20.77,26.79,1097.0,475.0,854.0,395.0
2021-01-18,22.24,26.46,22.44,26.46,18.45,22.39,18.22,25.12,843.0,526.0,816.0,393.0
2021-01-25,21.05,25.46,22.87,25.64,17.42,21.23,19.51,24.06,628.0,415.0,772.0,419.0
2021-02-01,22.21,26.9,23.08,26.51,17.59,22.41,20.85,26.36,646.0,523.0,1042.0,709.0
2021-02-08,22.62,26.86,22.51,26.43,12.73,20.55,15.93,23.64,471.0,460.0,1425.0,1076.0
2021-02-15,22.13,26.0,23.23,25.9,16.81,22.48,18.44,25.87,380.0,555.0,1995.0,1469.0
2021-02-22,22.27,26.77,21.29,24.98,14.01,24.81,17.37,25.39,261.0,649.0,2212.0,1491.0
2021-03-01,21.85,25.99,20.91,25.08,16.03,22.09,19.64,24.33,350.0,1116.0,2637.0,1822.0
2021-03-08,22.34,25.88,22.67,26.02,16.85,23.04,18.36,24.5,291.0,1192.0,2324.0,1495.0
2021-03-15,21.8,26.34,21.97,26.22,16.55,24.13,19.62,25.3,296.0,1174.0,2122.0,1367.0
2021-03-22,21.5,26.03,21.76,25.64,17.94,24.45,20.0,24.9,203.0,866.0,1528.0,990.0
2021-03-29,21.99,26.06,22.64,26.4,17.21,23.18,19.33,25.02,180.0,826.0,1426.0,993.0
2021-04-05,22.3,27.14,23.16,26.83,12.64,21.29,16.07,23.43,175.0,736.0,1615.0,1027.0
2021-04-12,21.95,26.52,22.44,26.82,15.07,24.15,16.04,23.18,138.0,523.0,1450.0,822.0
2021-04-19,21.17,25.43,20.56,25.55,12.12,20.58,15.64,22.12,124.0,501.0,1516.0,917.0
2021-04-26,21.8,25.41,22.27,26.93,11.92,19.96,14.32,21.22,147.0,470.0,1873.0,891.0
2021-05-03,20.88,25.91,22.77,26.74,11.15,21.45,16.1,21.79,127.0,448.0,2098.0,938.0
2021-05-10,21.51,26.28,22.73,26.76,9.92,19.33,14.81,20.15,184.0,526.0,2496.0,983.0
2021-05-17,22.19,26.0,22.12,25.31,11.06,18.95,14.0,20.06,149.0,526.0,2584.0,1045.0
2021-05-24,23.49,27.35,23.66,27.5,7.21,11.56,8.64,15.54,172.0,434.0,2547.0,966.0
2021-05-31,22.76,27.48,22.8,27.07,13.63,17.77,11.01,16.48,158.0,410.0,2341.0,1092.0
2021-06-07,22.4,27.11,22.57,26.89,13.33,17.55,13.36,17.52,165.0,368.0,1790.0,922.0
2021-06-14,21.46,26.69,23.17,26.59,8.46,14.37,11.02,15.01,131.0,350.0,1622.0,799.0
2021-06-21,21.89,26.77,22.83,27.02,10.77,13.6,11.81,15.99,181.0,273.0,1326.0,711.0
2021-06-28,21.91,25.93,20.72,27.04,9.23,11.82,9.0,12.08,137.0,243.0,1070.0,686.0
2021-07-05,19.41,25.16,22.76,26.27,9.48,14.84,11.38,15.5,128.0,211.0,913.0,613.0
2021-07-12,21.95,26.17,22.76,26.29,8.98,16.46,13.08,17.12,116.0,156.0,740.0,452.0
2021-07-19,21.93,26.72,22.87,27.05,4.85,7.08,6.69,11.81,74.0,177.0,680.0,424.0
2021-07-26,21.55,26.75,22.21,27.23,9.33,17.98,13.82,17.73,62.0,112.0,711.0,352.0
2021-08-02,20.73,25.75,21.86,26.74,8.26,14.46,11.68,16.31,59.0,101.0,906.0,428.0
2021-08-09,22.07,27.48,22.45,27.0,9.89,19.6,14.11,18.64,46.0,93.0,783.0,353.0
2021-08-16,21.53,26.47,22.29,26.58,12.03,21.82,14.14,17.94,39.0,67.0,820.0,335.0
2021-08-23,21.8,27.21,22.37,27.16,9.71,23.02,13.51,19.54,26.0,51.0,675.0,285.0
2021-08-30,22.57,25.77,22.3,27.03,10.2,18.79,13.43,18.06,18.0,54.0,697.0,265.0
2021-09-06,22.18,26.86,22.34,26.71,11.62,24.39,13.61,18.62,12.0,43.0,596.0,215.0
2021-09-13,22.01,27.72,22.36,26.63,12.47,26.15,16.79,21.43,16.0,46.0,549.0,249.0
2021-09-20,22.23,26.69,22.08,27.1,13.75,27.62,17.58,22.14,14.0,40.0,417.0,269.0
2021-09-27,21.93,26.19,22.01,26.63,14.04,24.18,15.99,21.05,11.0,51.0,338.0,240.0
2021-10-04,22.62,26.96,22.05,26.99,17.34,22.04,13.27,19.57,9.0,60.0,297.0,206.0
2021-10-11,22.67,27.99,22.13,26.77,13.06,20.27,13.28,19.04,12.0,69.0,257.0,194.0
2021-10-18,21.09,26.41,23.06,27.29,14.57,20.36,12.5,17.63,18.0,72.0,223.0,188.0
2021-10-25,22.36,27.07,23.24,27.84,12.45,18.92,12.95,19.93,17.0,74.0,170.0,170.0
2021-11-01,22.2,27.03,22.83,27.08,14.71,20.83,16.68,21.53,21.0,94.0,158.0,143.0
2021-11-08,22.23,26.91,22.59,27.13,16.92,23.55,13.79,20.29,21.0,92.0,137.0,131.0
2021-11-15,22.82,26.81,22.45,27.28,13.15,23.23,15.02,21.34,21.0,159.0,86.0,112.0
2021-11-22,21.69,26.53,22.6,27.05,11.02,24.32,14.55,21.45,15.0,132.0,74.0,83.0
2021-11-29,22.58,26.93,22.89,27.05,16.61,24.86,19.16,26.18,23.0,137.0,58.0,77.0
2021-12-06,21.9,26.73,23.23,26.93,15.11,25.26,15.32,21.76,28.0,149.0,57.0,64.0
2021-12-13,22.35,25.83,22.87,27.54,15.12,26.84,19.03,25.36,38.0,146.0,40.0,57.0
2021-12-20,22.99,26.59,22.72,27.27,10.94,25.81,15.1,23.47,43.0,147.0,54.0,74.0
2021-12-27,22.74,26.27,21.96,26.29,12.62,27.43,17.5,25.11,62.0,152.0,123.0,102.0
2022-01-03,22.78,26.76,22.04,25.82,16.79,27.21,19.73,27.6,98.0,137.0,290.0,218.0
2022-01-10,20.37,26.65,21.03,25.94,13.38,22.66,16.44,23.32,258.0,205.0,556.0,386.0
2022-01-17,21.55,25.51,22.42,26.03,17.84,23.56,21.51,28.41,320.0,230.0,794.0,493.0
2022-01-24,21.92,25.43,21.99,25.34,16.78,29.33,19.66,27.13,187.0,273.0,719.0,441.0
2022-01-31,22.46,26.4,22.08,25.62,17.05,23.55,17.57,25.29,91.0,214.0,634.0,347.0
2022-02-07,21.13,26.34,22.64,26.08,13.05,22.9,15.07,25.17,34.0,87.0,489.0,240.0
2022-02-14,21.17,24.85,21.3,26.0,14.87,27.71,16.81,25.89,19.0,42.0,330.0,157.0
2022-02-21,22.4,26.22,22.35,26.56,15.46,25.39,20.67,27.79,12.0,21.0,216.0,122.0
2022-02-28,20.78,26.35,22.42,26.21,17.12,27.33,21.03,27.78,15.0,14.0,144.0,69.0
2022-03-07,21.47,26.38,21.36,25.94,15.96,26.9,22.29,27.28,9.0,10.0,69.0,40.0
2022-03-14,20.66,24.98,22.52,26.12,17.98,22.47,18.74,24.25,9.0,2.0,46.0,38.0
2022-03-21,21.2,25.51,21.51,24.85,12.62,20.63,14.23,22.1,8.0,7.0,46.0,17.0
2022-03-28,21.92,25.15,22.27,25.62,15.74,22.17,16.33,23.36,8.0,12.0,46.0,24.0
2022-04-04,21.38,26.55,22.2,25.66,17.21,22.44,19.37,24.2,5.0,11.0,56.0,26.0
2022-04-11,21.54,26.37,22.87,26.62,15.83,22.27,18.42,22.97,3.0,8.0,53.0,18.0
2022-04-18,21.48,26.18,22.45,26.39,11.09,17.78,12.73,21.39,6.0,10.0,82.0,33.0
2022-04-25,22.31,26.68,22.15,26.22,14.43,21.11,16.75,21.81,4.0,4.0,83.0,37.0
2022-05-02,21.66,26.44,22.61,26.06,14.25,21.26,15.08,20.12,2.0,5.0,122.0,25.0
2022-05-09,21.59,25.75,21.74,25.24,12.0,17.38,13.28,19.25,2.0,9.0,150.0,50.0
2022-05-16,22.33,25.54,23.85,26.88,9.42,15.11,10.81,17.06,4.0,6.0,217.0,85.0
2022-05-23,21.44,25.68,21.88,25.48,8.44,16.01,13.31,17.22,4.0,6.0,203.0,73.0
2022-05-30,20.67,25.78,22.62,26.09,15.44,19.13,12.59,18.04,6.0,5.0,180.0,88.0
2022-06-06,20.72,24.31,21.76,26.37,13.28,17.94,14.6,18.25,7.0,14.0,171.0,90.0
2022-06-13,19.81,24.36,21.83,26.54,6.66,9.81,9.29,13.29,6.0,13.0,189.0,110.0
2022-06-20,21.72,25.94,22.19,26.55,11.7,14.7,11.4,15.19,29.0,33.0,161.0,131.0
2022-06-27,21.0,26.19,21.27,27.24,10.81,15.57,11.86,15.75,40.0,59.0,166.0,109.0
2022-07-04,21.98,25.74,22.38,26.34,11.11,18.01,14.93,19.59,56.0,90.0,169.0,83.0
2022-07-11,21.82,27.11,21.48,26.7,11.88,18.79,14.32,18.93,61.0,114.0,139.0,89.0
2022-07-18,22.25,27.01,22.59,26.79,12.51,16.68,11.66,15.78,50.0,88.0,122.0,84.0
2022-07-25,21.48,27.21,22.51,26.36,10.49,19.84,14.7,18.88,31.0,47.0,104.0,52.0
2022-08-01,21.64,26.33,22.29,26.37,10.1,20.08,11.92,15.67,20.0,20.0,122.0,46.0
2022-08-08,22.69,27.04,22.17,27.01,13.81,17.16,13.68,17.66,12.0,24.0,92.0,44.0
2022-08-15,21.3,26.58,21.04,27.5,9.78,19.43,15.08,19.12,9.0,4.0,102.0,48.0
2022-08-22,20.65,26.28,20.09,27.64,11.34,16.64,12.19,16.45,5.0,8.0,83.0,38.0
2022-08-29,21.54,27.23,21.23,28.16,8.75,16.6,7.84,11.53,1.0,8.0,68.0,26.0
2022-09-05,22.03,27.75,22.41,27.88,10.63,14.3,11.0,16.86,5.0,1.0,48.0,25.0
2022-09-12,21.66,28.21,21.21,28.5,13.27,19.6,11.8,15.18,1.0,3.0,33.0,17.0
2022-09-19,21.42,28.06,21.37,28.11,11.09,18.0,11.86,16.08,5.0,2.0,27.0,12.0
2022-09-26,20.85,28.56,20.55,28.25,13.22,16.84,14.24,18.27,3.0,7.0,21.0,13.0
2022-10-03,21.31,26.51,21.37,27.72,13.87,20.17,12.67,18.21,6.0,5.0,14.0,4.0
2022-10-10,21.48,28.17,21.47,28.02,15.63,20.32,11.55,15.57,18.0,9.0,18.0,6.0
2022-10-17,20.97,26.3,21.21,28.67,15.59,21.46,15.85,20.69,29.0,9.0,12.0,3.0
2022-10-24,22.61,27.78,20.29,28.91,14.39,21.39,14.74,20.11,18.0,11.0,21.0,13.0
2022-10-31,22.09,28.73,19.9,29.2,17.31,21.59,15.1,21.02,24.0,19.0,36.0,20.0
2022-11-07,21.42,26.28,21.61,26.33,10.52,16.62,11.81,17.3,14.0,17.0,55.0,34.0
2022-11-14,22.57,28.13,21.98,27.6,16.49,21.64,18.44,23.9,11.0,18.0,103.0,49.0
2022-11-21,19.84,29.81,21.75,27.77,15.53,22.76,17.98,23.44,7.0,11.0,120.0,91.0
2022-11-28,20.83,27.61,21.28,26.81,14.09,21.31,17.03,22.11,1.0,20.0,180.0,85.0
2022-12-05,21.58,26.19,22.1,25.57,17.85,22.93,20.62,24.97,2.0,12.0,199.0,106.0
2022-12-12,21.18,28.15,21.69,26.39,19.47,23.34,21.24,26.76,1.0,12.0,186.0,71.0
2022-12-19,21.33,26.38,22.29,26.41,14.98,22.02,16.86,21.95,3.0,11.0,179.0,56.0
2022-12-26,22.31,27.21,22.41,26.67,15.84,24.66,19.1,24.16,3.0,12.0,155.0,62.0
2023-01-02,20.73,25.36,22.56,26.16,16.93,24.83,19.69,24.7,5.0,13.0,94.0,53.0
2023-01-09,20.94,25.63,22.09,25.87,14.21,23.79,16.04,22.42,5.0,2.0,87.0,25.0
2023-01-16,20.71,26.05,21.03,25.3,17.97,24.64,20.33,25.68,4.0,11.0,39.0,13.0
2023-01-23,21.47,25.53,22.59,25.68,17.69,24.6,17.4,26.11,10.0,12.0,18.0,16.0
2023-01-30,21.13,25.99,21.15,24.88,17.19,23.14,19.96,25.36,18.0,12.0,29.0,14.0
2023-02-06,21.3,26.09,22.15,25.85,14.95,24.11,17.2,25.75,41.0,10.0,20.0,12.0
2023-02-13,22.52,26.87,22.93,26.56,17.14,23.92,19.45,26.8,41.0,15.0,30.0,8.0
2023-02-20,21.64,24.91,21.3,25.38,15.07,19.6,18.45,23.26,26.0,28.0,29.0,12.0
2023-02-27,22.12,26.39,22.18,25.82,17.49,22.74,16.07,24.39,16.0,22.0,41.0,16.0
2023-03-06,21.81,26.14,23.18,26.27,17.12,23.63,18.77,23.74,19.0,14.0,32.0,20.0
2023-03-13,21.2,26.06,22.44,26.34,17.47,21.55,19.51,25.4,14.0,12.0,27.0,24.0
2023-03-20,21.88,26.08,22.4,25.11,16.46,24.23,20.18,27.02,7.0,8.0,36.0,25.0
2023-03-27,20.88,26.87,22.32,26.24,16.98,24.03,15.53,23.18,6.0,10.0,30.0,18.0
2023-04-03,21.09,26.04,21.62,25.34,13.81,22.62,14.41,22.02,2.0,9.0,34.0,19.0
2023-04-10,21.49,25.28,22.23,26.72,13.25,22.46,16.29,22.94,1.0,6.0,35.0,26.0
2023-04-17,22.14,26.2,22.5,26.5,17.69,22.21,17.95,23.78,0.0,5.0,18.0,17.0
2023-04-24,21.58,26.33,22.55,25.86,12.97,19.61,15.93,21.84,3.0,4.0,40.0,18.0
2023-05-01,22.8,26.38,22.65,26.66,12.12,19.37,16.64,22.66,1.0,2.0,22.0,26.0
2023-05-08,22.41,26.19,23.21,27.2,15.65,21.26,18.46,23.85,0.0,8.0,21.0,22.0
2023-05-15,23.06,26.04,23.84,27.14,8.73,16.61,12.08,19.77,2.0,9.0,23.0,28.0
2023-05-22,23.5,26.92,23.94,27.26,9.57,17.51,15.01,20.15,1.0,5.0,17.0,32.0
2023-05-29,23.08,26.41,23.42,26.87,11.93,18.16,11.47,17.94,1.0,6.0,18.0,18.0
2023-06-05,22.16,26.77,22.86,26.64,9.48,17.85,13.72,20.42,2.0,6.0,21.0,19.0
2023-06-12,22.73,26.83,23.45,26.86,13.37,17.79,10.47,14.94,2.0,4.0,17.0,16.0
2023-06-19,21.05,25.75,23.02,26.69,8.85,12.25,9.45,14.05,1.0,5.0,15.0,13.0
2023-06-26,22.77,26.57,22.23,27.14,10.94,17.17,14.78,20.79,1.0,5.0,15.0,12.0
2023-07-03,22.02,26.88,22.82,27.1,10.59,16.46,12.78,17.89,1.0,1.0,14.0,13.0
2023-07-10,22.42,26.86,23.16,26.96,14.2,18.85,15.04,18.78,3.0,8.0,11.0,4.0
2023-07-17,21.92,26.96,22.59,27.31,11.38,16.64,11.16,15.4,0.0,9.0,9.0,6.0
2023-07-24,21.03,27.61,21.68,27.5,11.43,18.88,14.92,20.86,1.0,2.0,9.0,5.0
2023-07-31,22.01,28.35,22.42,27.77,10.74,16.87,11.91,16.5,6.0,8.0,7.0,4.0
2023-08-07,21.47,28.94,22.14,28.48,11.51,21.75,14.27,20.55,10.0,4.0,13.0,11.0
2023-08-14,20.63,28.65,21.76,28.52,11.93,17.64,10.26,14.78,8.0,8.0,23.0,2.0
2023-08-21,19.15,30.55,21.87,29.15,13.76,20.49,14.87,20.83,5.0,2.0,16.0,2.0
2023-08-28,18.67,31.29,20.44,29.46,9.24,15.08,8.33,13.03,6.0,1.0,23.0,5.0
2023-09-04,15.69,30.83,21.43,29.28,16.52,25.54,18.84,24.93,5.0,2.0,12.0,11.0
2023-09-11,19.68,31.78,20.97,29.76,13.35,22.09,15.76,21.0,3.0,4.0,30.0,24.0
2023-09-18,18.66,32.02,19.93,30.5,13.3,25.48,17.84,25.67,2.0,2.0,14.0,15.0
2023-09-25,18.06,33.51,19.98,30.59,18.91,28.43,15.86,21.49,1.0,0.0,48.0,8.0
2023-10-02,17.25,33.38,20.16,30.44,15.13,25.07,11.16,17.62,5.0,2.0,52.0,27.0
2023-10-09,15.99,34.54,20.24,30.28,13.78,20.81,14.65,19.92,1.0,2.0,54.0,22.0
2023-10-16,20.13,30.28,20.77,29.86,17.69,24.66,16.83,20.54,2.0,1.0,60.0,45.0
2023-10-23,21.85,29.68,20.07,30.02,15.69,25.65,16.36,21.02,1.0,4.0,82.0,65.0
2023-10-30,19.13,33.05,20.16,29.99,19.3,24.6,18.89,23.63,0.0,5.0,68.0,54.0
2023-11-06,22.24,30.85,21.08,29.44,13.05,20.42,12.64,18.79,1.0,2.0,62.0,55.0
2023-11-13,19.92,32.83,19.64,30.38,18.19,26.52,20.48,25.07,0.0,3.0,44.0,35.0
2023-11-20,19.54,31.87,21.18,29.41,15.15,22.69,14.9,22.09,1.0,1.0,29.0,28.0
2023-11-27,21.12,28.81,21.87,28.51,16.48,21.56,17.31,22.21,2.0,1.0,34.0,20.0
2023-12-04,21.51,28.74,22.45,27.96,19.59,24.99,19.02,24.47,3.0,4.0,21.0,22.0
2023-12-11,22.67,29.38,21.7,28.34,17.01,23.31,16.19,22.02,5.0,6.0,27.0,24.0
2023-12-18,22.17,28.4,20.49,29.08,18.25,27.31,20.77,26.22,4.0,16.0,20.0,16.0
2023-12-25,22.66,26.12,21.58,28.57,18.58,25.05,22.46,27.83,9.0,24.0,15.0,19.0
